-37,-5,Br5YRvPCGIyjrQQ4xHdftOp0mMU=,3/AMYFesBj6x+XL5ta5v7zu3nLs=
-36,-5,Br5YRvPCGIyjrQQ4xHdftOp0mMU=,3/AMYFesBj6x+XL5ta5v7zu3nLs=
-35,-5,Br5YRvPCGIyjrQQ4xHdftOp0mMU=,3/AMYFesBj6x+XL5ta5v7zu3nLs=
-34,-5,Br5YRvPCGIyjrQQ4xHdftOp0mMU=,3/AMYFesBj6x+XL5ta5v7zu3nLs=
-38,-6,Br5YRvPCGIyjrQQ4xHdftOp0mMU=,3/AMYFesBj6x+XL5ta5v7zu3nLs=
-40,-4,Br5YRvPCGIyjrQQ4xHdftOp0mMU=,3/AMYFesBj6x+XL5ta5v7zu3nLs=
-39,-4,Br5YRvPCGIyjrQQ4xHdftOp0mMU=,3/AMYFesBj6x+XL5ta5v7zu3nLs=
-38,-4,Br5YRvPCGIyjrQQ4xHdftOp0mMU=,3/AMYFesBj6x+XL5ta5v7zu3nLs=
-38,-5,Br5YRvPCGIyjrQQ4xHdftOp0mMU=,3/AMYFesBj6x+XL5ta5v7zu3nLs=
-37,-4,Br5YRvPCGIyjrQQ4xHdftOp0mMU=,3/AMYFesBj6x+XL5ta5v7zu3nLs=
-36,-4,Br5YRvPCGIyjrQQ4xHdftOp0mMU=,3/AMYFesBj6x+XL5ta5v7zu3nLs=
-35,-4,Br5YRvPCGIyjrQQ4xHdftOp0mMU=,3/AMYFesBj6x+XL5ta5v7zu3nLs=
-34,-4,Br5YRvPCGIyjrQQ4xHdftOp0mMU=,3/AMYFesBj6x+XL5ta5v7zu3nLs=
-37,-6,Br5YRvPCGIyjrQQ4xHdftOp0mMU=,3/AMYFesBj6x+XL5ta5v7zu3nLs=
-40,-3,Br5YRvPCGIyjrQQ4xHdftOp0mMU=,3/AMYFesBj6x+XL5ta5v7zu3nLs=
-37,-3,Br5YRvPCGIyjrQQ4xHdftOp0mMU=,3/AMYFesBj6x+XL5ta5v7zu3nLs=
-36,-6,Br5YRvPCGIyjrQQ4xHdftOp0mMU=,3/AMYFesBj6x+XL5ta5v7zu3nLs=
-35,-6,Br5YRvPCGIyjrQQ4xHdftOp0mMU=,3/AMYFesBj6x+XL5ta5v7zu3nLs=
-39,-7,Br5YRvPCGIyjrQQ4xHdftOp0mMU=,3/AMYFesBj6x+XL5ta5v7zu3nLs=
-38,-7,Br5YRvPCGIyjrQQ4xHdftOp0mMU=,3/AMYFesBj6x+XL5ta5v7zu3nLs=
-37,-7,Br5YRvPCGIyjrQQ4xHdftOp0mMU=,3/AMYFesBj6x+XL5ta5v7zu3nLs=
-36,-7,Br5YRvPCGIyjrQQ4xHdftOp0mMU=,3/AMYFesBj6x+XL5ta5v7zu3nLs=
-35,-7,Br5YRvPCGIyjrQQ4xHdftOp0mMU=,3/AMYFesBj6x+XL5ta5v7zu3nLs=
-34,-6,Br5YRvPCGIyjrQQ4xHdftOp0mMU=,3/AMYFesBj6x+XL5ta5v7zu3nLs=
-40,-5,Br5YRvPCGIyjrQQ4xHdftOp0mMU=,3/AMYFesBj6x+XL5ta5v7zu3nLs=
-39,-5,Br5YRvPCGIyjrQQ4xHdftOp0mMU=,3/AMYFesBj6x+XL5ta5v7zu3nLs=
-40,-6,Br5YRvPCGIyjrQQ4xHdftOp0mMU=,3/AMYFesBj6x+XL5ta5v7zu3nLs=
-39,-6,Br5YRvPCGIyjrQQ4xHdftOp0mMU=,3/AMYFesBj6x+XL5ta5v7zu3nLs=
-40,-7,Br5YRvPCGIyjrQQ4xHdftOp0mMU=,3/AMYFesBj6x+XL5ta5v7zu3nLs=
-33,-5,Br5YRvPCGIyjrQQ4xHdftOp0mMU=,3/AMYFesBj6x+XL5ta5v7zu3nLs=
-33,-4,Br5YRvPCGIyjrQQ4xHdftOp0mMU=,3/AMYFesBj6x+XL5ta5v7zu3nLs=
-33,-6,Br5YRvPCGIyjrQQ4xHdftOp0mMU=,3/AMYFesBj6x+XL5ta5v7zu3nLs=
-40,-12,Br5YRvPCGIyjrQQ4xHdftOp0mMU=,Y6yoNz0JLnbTIrshMehgs7TECTg=
-39,-12,Br5YRvPCGIyjrQQ4xHdftOp0mMU=,Y6yoNz0JLnbTIrshMehgs7TECTg=
-38,-12,Br5YRvPCGIyjrQQ4xHdftOp0mMU=,Y6yoNz0JLnbTIrshMehgs7TECTg=
-37,-12,Br5YRvPCGIyjrQQ4xHdftOp0mMU=,Y6yoNz0JLnbTIrshMehgs7TECTg=
-34,-13,Br5YRvPCGIyjrQQ4xHdftOp0mMU=,Y6yoNz0JLnbTIrshMehgs7TECTg=
-35,-13,Br5YRvPCGIyjrQQ4xHdftOp0mMU=,Y6yoNz0JLnbTIrshMehgs7TECTg=
-36,-13,Br5YRvPCGIyjrQQ4xHdftOp0mMU=,Y6yoNz0JLnbTIrshMehgs7TECTg=
-37,-13,Br5YRvPCGIyjrQQ4xHdftOp0mMU=,Y6yoNz0JLnbTIrshMehgs7TECTg=
-38,-13,Br5YRvPCGIyjrQQ4xHdftOp0mMU=,Y6yoNz0JLnbTIrshMehgs7TECTg=
-39,-13,Br5YRvPCGIyjrQQ4xHdftOp0mMU=,Y6yoNz0JLnbTIrshMehgs7TECTg=
-40,-13,Br5YRvPCGIyjrQQ4xHdftOp0mMU=,Y6yoNz0JLnbTIrshMehgs7TECTg=
-33,-7,Br5YRvPCGIyjrQQ4xHdftOp0mMU=,3/AMYFesBj6x+XL5ta5v7zu3nLs=
-34,-7,Br5YRvPCGIyjrQQ4xHdftOp0mMU=,3/AMYFesBj6x+XL5ta5v7zu3nLs=
-33,-9,Br5YRvPCGIyjrQQ4xHdftOp0mMU=,Y6yoNz0JLnbTIrshMehgs7TECTg=
-36,-12,Br5YRvPCGIyjrQQ4xHdftOp0mMU=,Y6yoNz0JLnbTIrshMehgs7TECTg=
-34,-9,Br5YRvPCGIyjrQQ4xHdftOp0mMU=,Y6yoNz0JLnbTIrshMehgs7TECTg=
-35,-12,Br5YRvPCGIyjrQQ4xHdftOp0mMU=,Y6yoNz0JLnbTIrshMehgs7TECTg=
-35,-9,Br5YRvPCGIyjrQQ4xHdftOp0mMU=,Y6yoNz0JLnbTIrshMehgs7TECTg=
-36,-9,Br5YRvPCGIyjrQQ4xHdftOp0mMU=,Y6yoNz0JLnbTIrshMehgs7TECTg=
-37,-9,Br5YRvPCGIyjrQQ4xHdftOp0mMU=,Y6yoNz0JLnbTIrshMehgs7TECTg=
-38,-9,Br5YRvPCGIyjrQQ4xHdftOp0mMU=,Y6yoNz0JLnbTIrshMehgs7TECTg=
-39,-9,Br5YRvPCGIyjrQQ4xHdftOp0mMU=,Y6yoNz0JLnbTIrshMehgs7TECTg=
-40,-9,Br5YRvPCGIyjrQQ4xHdftOp0mMU=,Y6yoNz0JLnbTIrshMehgs7TECTg=
-34,-8,Br5YRvPCGIyjrQQ4xHdftOp0mMU=,3/AMYFesBj6x+XL5ta5v7zu3nLs=
-33,-10,Br5YRvPCGIyjrQQ4xHdftOp0mMU=,Y6yoNz0JLnbTIrshMehgs7TECTg=
-36,-10,Br5YRvPCGIyjrQQ4xHdftOp0mMU=,Y6yoNz0JLnbTIrshMehgs7TECTg=
-35,-8,Br5YRvPCGIyjrQQ4xHdftOp0mMU=,3/AMYFesBj6x+XL5ta5v7zu3nLs=
-34,-10,Br5YRvPCGIyjrQQ4xHdftOp0mMU=,Y6yoNz0JLnbTIrshMehgs7TECTg=
-35,-10,Br5YRvPCGIyjrQQ4xHdftOp0mMU=,Y6yoNz0JLnbTIrshMehgs7TECTg=
-36,-8,Br5YRvPCGIyjrQQ4xHdftOp0mMU=,3/AMYFesBj6x+XL5ta5v7zu3nLs=
-37,-8,Br5YRvPCGIyjrQQ4xHdftOp0mMU=,3/AMYFesBj6x+XL5ta5v7zu3nLs=
-38,-8,Br5YRvPCGIyjrQQ4xHdftOp0mMU=,3/AMYFesBj6x+XL5ta5v7zu3nLs=
-39,-8,Br5YRvPCGIyjrQQ4xHdftOp0mMU=,3/AMYFesBj6x+XL5ta5v7zu3nLs=
-40,-8,Br5YRvPCGIyjrQQ4xHdftOp0mMU=,3/AMYFesBj6x+XL5ta5v7zu3nLs=
-37,-10,Br5YRvPCGIyjrQQ4xHdftOp0mMU=,Y6yoNz0JLnbTIrshMehgs7TECTg=
-38,-10,Br5YRvPCGIyjrQQ4xHdftOp0mMU=,Y6yoNz0JLnbTIrshMehgs7TECTg=
-39,-10,Br5YRvPCGIyjrQQ4xHdftOp0mMU=,Y6yoNz0JLnbTIrshMehgs7TECTg=
-40,-10,Br5YRvPCGIyjrQQ4xHdftOp0mMU=,Y6yoNz0JLnbTIrshMehgs7TECTg=
-33,-8,Br5YRvPCGIyjrQQ4xHdftOp0mMU=,3/AMYFesBj6x+XL5ta5v7zu3nLs=
-33,-11,Br5YRvPCGIyjrQQ4xHdftOp0mMU=,Y6yoNz0JLnbTIrshMehgs7TECTg=
-36,-11,Br5YRvPCGIyjrQQ4xHdftOp0mMU=,Y6yoNz0JLnbTIrshMehgs7TECTg=
-37,-11,Br5YRvPCGIyjrQQ4xHdftOp0mMU=,Y6yoNz0JLnbTIrshMehgs7TECTg=
-38,-11,Br5YRvPCGIyjrQQ4xHdftOp0mMU=,Y6yoNz0JLnbTIrshMehgs7TECTg=
-39,-11,Br5YRvPCGIyjrQQ4xHdftOp0mMU=,Y6yoNz0JLnbTIrshMehgs7TECTg=
-40,-11,Br5YRvPCGIyjrQQ4xHdftOp0mMU=,Y6yoNz0JLnbTIrshMehgs7TECTg=
-34,-11,Br5YRvPCGIyjrQQ4xHdftOp0mMU=,Y6yoNz0JLnbTIrshMehgs7TECTg=
-35,-11,Br5YRvPCGIyjrQQ4xHdftOp0mMU=,Y6yoNz0JLnbTIrshMehgs7TECTg=
-33,-12,Br5YRvPCGIyjrQQ4xHdftOp0mMU=,Y6yoNz0JLnbTIrshMehgs7TECTg=
-34,-12,Br5YRvPCGIyjrQQ4xHdftOp0mMU=,Y6yoNz0JLnbTIrshMehgs7TECTg=
-37,-16,Br5YRvPCGIyjrQQ4xHdftOp0mMU=,Y6yoNz0JLnbTIrshMehgs7TECTg=
-36,-16,Br5YRvPCGIyjrQQ4xHdftOp0mMU=,Y6yoNz0JLnbTIrshMehgs7TECTg=
-35,-16,Br5YRvPCGIyjrQQ4xHdftOp0mMU=,Y6yoNz0JLnbTIrshMehgs7TECTg=
-34,-16,Br5YRvPCGIyjrQQ4xHdftOp0mMU=,Y6yoNz0JLnbTIrshMehgs7TECTg=
-33,-16,Br5YRvPCGIyjrQQ4xHdftOp0mMU=,Y6yoNz0JLnbTIrshMehgs7TECTg=
-36,-14,Br5YRvPCGIyjrQQ4xHdftOp0mMU=,Y6yoNz0JLnbTIrshMehgs7TECTg=
-35,-14,Br5YRvPCGIyjrQQ4xHdftOp0mMU=,Y6yoNz0JLnbTIrshMehgs7TECTg=
-34,-14,Br5YRvPCGIyjrQQ4xHdftOp0mMU=,Y6yoNz0JLnbTIrshMehgs7TECTg=
-33,-14,Br5YRvPCGIyjrQQ4xHdftOp0mMU=,Y6yoNz0JLnbTIrshMehgs7TECTg=
-36,-15,Br5YRvPCGIyjrQQ4xHdftOp0mMU=,Y6yoNz0JLnbTIrshMehgs7TECTg=
-35,-15,Br5YRvPCGIyjrQQ4xHdftOp0mMU=,Y6yoNz0JLnbTIrshMehgs7TECTg=
-33,-15,Br5YRvPCGIyjrQQ4xHdftOp0mMU=,Y6yoNz0JLnbTIrshMehgs7TECTg=
-34,-15,Br5YRvPCGIyjrQQ4xHdftOp0mMU=,Y6yoNz0JLnbTIrshMehgs7TECTg=
-33,-13,Br5YRvPCGIyjrQQ4xHdftOp0mMU=,Y6yoNz0JLnbTIrshMehgs7TECTg=
-38,-16,Br5YRvPCGIyjrQQ4xHdftOp0mMU=,Y6yoNz0JLnbTIrshMehgs7TECTg=
-39,-16,Br5YRvPCGIyjrQQ4xHdftOp0mMU=,Y6yoNz0JLnbTIrshMehgs7TECTg=
-40,-16,Br5YRvPCGIyjrQQ4xHdftOp0mMU=,Y6yoNz0JLnbTIrshMehgs7TECTg=
-40,-14,Br5YRvPCGIyjrQQ4xHdftOp0mMU=,Y6yoNz0JLnbTIrshMehgs7TECTg=
-37,-15,Br5YRvPCGIyjrQQ4xHdftOp0mMU=,Y6yoNz0JLnbTIrshMehgs7TECTg=
-39,-14,Br5YRvPCGIyjrQQ4xHdftOp0mMU=,Y6yoNz0JLnbTIrshMehgs7TECTg=
-38,-15,Br5YRvPCGIyjrQQ4xHdftOp0mMU=,Y6yoNz0JLnbTIrshMehgs7TECTg=
-38,-14,Br5YRvPCGIyjrQQ4xHdftOp0mMU=,Y6yoNz0JLnbTIrshMehgs7TECTg=
-37,-14,Br5YRvPCGIyjrQQ4xHdftOp0mMU=,Y6yoNz0JLnbTIrshMehgs7TECTg=
-40,-15,Br5YRvPCGIyjrQQ4xHdftOp0mMU=,Y6yoNz0JLnbTIrshMehgs7TECTg=
-39,-15,Br5YRvPCGIyjrQQ4xHdftOp0mMU=,Y6yoNz0JLnbTIrshMehgs7TECTg=
-38,-1,7GbabVPLnXLQMsDRQN3bSoxmOMk=,3/AMYFesBj6x+XL5ta5v7zu3nLs=
-39,-1,7GbabVPLnXLQMsDRQN3bSoxmOMk=,3/AMYFesBj6x+XL5ta5v7zu3nLs=
-40,-1,7GbabVPLnXLQMsDRQN3bSoxmOMk=,3/AMYFesBj6x+XL5ta5v7zu3nLs=
-33,-2,7GbabVPLnXLQMsDRQN3bSoxmOMk=,3/AMYFesBj6x+XL5ta5v7zu3nLs=
-33,-3,7GbabVPLnXLQMsDRQN3bSoxmOMk=,3/AMYFesBj6x+XL5ta5v7zu3nLs=
-34,-1,7GbabVPLnXLQMsDRQN3bSoxmOMk=,3/AMYFesBj6x+XL5ta5v7zu3nLs=
-35,-1,7GbabVPLnXLQMsDRQN3bSoxmOMk=,3/AMYFesBj6x+XL5ta5v7zu3nLs=
-34,-2,7GbabVPLnXLQMsDRQN3bSoxmOMk=,3/AMYFesBj6x+XL5ta5v7zu3nLs=
-36,-1,7GbabVPLnXLQMsDRQN3bSoxmOMk=,3/AMYFesBj6x+XL5ta5v7zu3nLs=
-37,-1,7GbabVPLnXLQMsDRQN3bSoxmOMk=,3/AMYFesBj6x+XL5ta5v7zu3nLs=
-39,-3,7GbabVPLnXLQMsDRQN3bSoxmOMk=,3/AMYFesBj6x+XL5ta5v7zu3nLs=
-35,-2,7GbabVPLnXLQMsDRQN3bSoxmOMk=,3/AMYFesBj6x+XL5ta5v7zu3nLs=
-38,-3,7GbabVPLnXLQMsDRQN3bSoxmOMk=,3/AMYFesBj6x+XL5ta5v7zu3nLs=
-33,-1,7GbabVPLnXLQMsDRQN3bSoxmOMk=,3/AMYFesBj6x+XL5ta5v7zu3nLs=
-36,-2,7GbabVPLnXLQMsDRQN3bSoxmOMk=,3/AMYFesBj6x+XL5ta5v7zu3nLs=
-37,-2,7GbabVPLnXLQMsDRQN3bSoxmOMk=,3/AMYFesBj6x+XL5ta5v7zu3nLs=
-35,-3,7GbabVPLnXLQMsDRQN3bSoxmOMk=,3/AMYFesBj6x+XL5ta5v7zu3nLs=
-38,-2,7GbabVPLnXLQMsDRQN3bSoxmOMk=,3/AMYFesBj6x+XL5ta5v7zu3nLs=
-34,-3,7GbabVPLnXLQMsDRQN3bSoxmOMk=,3/AMYFesBj6x+XL5ta5v7zu3nLs=
-39,-2,7GbabVPLnXLQMsDRQN3bSoxmOMk=,3/AMYFesBj6x+XL5ta5v7zu3nLs=
-40,-2,7GbabVPLnXLQMsDRQN3bSoxmOMk=,3/AMYFesBj6x+XL5ta5v7zu3nLs=
-36,-3,7GbabVPLnXLQMsDRQN3bSoxmOMk=,3/AMYFesBj6x+XL5ta5v7zu3nLs=
-34,-20,7GbabVPLnXLQMsDRQN3bSoxmOMk=,vHygMElUpDakGwGYH2kxkJ7wSR4=
-33,-20,7GbabVPLnXLQMsDRQN3bSoxmOMk=,vHygMElUpDakGwGYH2kxkJ7wSR4=
-36,-21,7GbabVPLnXLQMsDRQN3bSoxmOMk=,vHygMElUpDakGwGYH2kxkJ7wSR4=
-37,-19,7GbabVPLnXLQMsDRQN3bSoxmOMk=,vHygMElUpDakGwGYH2kxkJ7wSR4=
-36,-19,7GbabVPLnXLQMsDRQN3bSoxmOMk=,vHygMElUpDakGwGYH2kxkJ7wSR4=
-35,-19,7GbabVPLnXLQMsDRQN3bSoxmOMk=,vHygMElUpDakGwGYH2kxkJ7wSR4=
-34,-19,7GbabVPLnXLQMsDRQN3bSoxmOMk=,vHygMElUpDakGwGYH2kxkJ7wSR4=
-33,-19,7GbabVPLnXLQMsDRQN3bSoxmOMk=,vHygMElUpDakGwGYH2kxkJ7wSR4=
-37,-21,7GbabVPLnXLQMsDRQN3bSoxmOMk=,vHygMElUpDakGwGYH2kxkJ7wSR4=
-38,-21,7GbabVPLnXLQMsDRQN3bSoxmOMk=,vHygMElUpDakGwGYH2kxkJ7wSR4=
-38,-22,7GbabVPLnXLQMsDRQN3bSoxmOMk=,vHygMElUpDakGwGYH2kxkJ7wSR4=
-35,-20,7GbabVPLnXLQMsDRQN3bSoxmOMk=,vHygMElUpDakGwGYH2kxkJ7wSR4=
-36,-20,7GbabVPLnXLQMsDRQN3bSoxmOMk=,vHygMElUpDakGwGYH2kxkJ7wSR4=
-37,-20,7GbabVPLnXLQMsDRQN3bSoxmOMk=,vHygMElUpDakGwGYH2kxkJ7wSR4=
-39,-21,7GbabVPLnXLQMsDRQN3bSoxmOMk=,vHygMElUpDakGwGYH2kxkJ7wSR4=
-33,-22,7GbabVPLnXLQMsDRQN3bSoxmOMk=,vHygMElUpDakGwGYH2kxkJ7wSR4=
-34,-22,7GbabVPLnXLQMsDRQN3bSoxmOMk=,vHygMElUpDakGwGYH2kxkJ7wSR4=
-38,-20,7GbabVPLnXLQMsDRQN3bSoxmOMk=,vHygMElUpDakGwGYH2kxkJ7wSR4=
-35,-22,7GbabVPLnXLQMsDRQN3bSoxmOMk=,vHygMElUpDakGwGYH2kxkJ7wSR4=
-36,-22,7GbabVPLnXLQMsDRQN3bSoxmOMk=,vHygMElUpDakGwGYH2kxkJ7wSR4=
-37,-22,7GbabVPLnXLQMsDRQN3bSoxmOMk=,vHygMElUpDakGwGYH2kxkJ7wSR4=
-33,-23,7GbabVPLnXLQMsDRQN3bSoxmOMk=,vHygMElUpDakGwGYH2kxkJ7wSR4=
-34,-23,7GbabVPLnXLQMsDRQN3bSoxmOMk=,vHygMElUpDakGwGYH2kxkJ7wSR4=
-35,-23,7GbabVPLnXLQMsDRQN3bSoxmOMk=,vHygMElUpDakGwGYH2kxkJ7wSR4=
-36,-23,7GbabVPLnXLQMsDRQN3bSoxmOMk=,vHygMElUpDakGwGYH2kxkJ7wSR4=
-37,-23,7GbabVPLnXLQMsDRQN3bSoxmOMk=,vHygMElUpDakGwGYH2kxkJ7wSR4=
-38,-23,7GbabVPLnXLQMsDRQN3bSoxmOMk=,vHygMElUpDakGwGYH2kxkJ7wSR4=
-40,-21,7GbabVPLnXLQMsDRQN3bSoxmOMk=,vHygMElUpDakGwGYH2kxkJ7wSR4=
-33,-21,7GbabVPLnXLQMsDRQN3bSoxmOMk=,vHygMElUpDakGwGYH2kxkJ7wSR4=
-34,-21,7GbabVPLnXLQMsDRQN3bSoxmOMk=,vHygMElUpDakGwGYH2kxkJ7wSR4=
-33,-18,7GbabVPLnXLQMsDRQN3bSoxmOMk=,vHygMElUpDakGwGYH2kxkJ7wSR4=
-34,-18,7GbabVPLnXLQMsDRQN3bSoxmOMk=,vHygMElUpDakGwGYH2kxkJ7wSR4=
-35,-18,7GbabVPLnXLQMsDRQN3bSoxmOMk=,vHygMElUpDakGwGYH2kxkJ7wSR4=
-36,-18,7GbabVPLnXLQMsDRQN3bSoxmOMk=,vHygMElUpDakGwGYH2kxkJ7wSR4=
-37,-18,7GbabVPLnXLQMsDRQN3bSoxmOMk=,vHygMElUpDakGwGYH2kxkJ7wSR4=
-35,-21,7GbabVPLnXLQMsDRQN3bSoxmOMk=,vHygMElUpDakGwGYH2kxkJ7wSR4=
-38,-28,7GbabVPLnXLQMsDRQN3bSoxmOMk=,qKnjTkttnKKz7+e27eR2zDA2fTY=
-37,-28,7GbabVPLnXLQMsDRQN3bSoxmOMk=,qKnjTkttnKKz7+e27eR2zDA2fTY=
-36,-28,7GbabVPLnXLQMsDRQN3bSoxmOMk=,qKnjTkttnKKz7+e27eR2zDA2fTY=
-35,-28,7GbabVPLnXLQMsDRQN3bSoxmOMk=,qKnjTkttnKKz7+e27eR2zDA2fTY=
-34,-28,7GbabVPLnXLQMsDRQN3bSoxmOMk=,qKnjTkttnKKz7+e27eR2zDA2fTY=
-33,-28,7GbabVPLnXLQMsDRQN3bSoxmOMk=,qKnjTkttnKKz7+e27eR2zDA2fTY=
-38,-27,7GbabVPLnXLQMsDRQN3bSoxmOMk=,qKnjTkttnKKz7+e27eR2zDA2fTY=
-37,-27,7GbabVPLnXLQMsDRQN3bSoxmOMk=,qKnjTkttnKKz7+e27eR2zDA2fTY=
-36,-27,7GbabVPLnXLQMsDRQN3bSoxmOMk=,qKnjTkttnKKz7+e27eR2zDA2fTY=
-35,-27,7GbabVPLnXLQMsDRQN3bSoxmOMk=,qKnjTkttnKKz7+e27eR2zDA2fTY=
-34,-27,7GbabVPLnXLQMsDRQN3bSoxmOMk=,qKnjTkttnKKz7+e27eR2zDA2fTY=
-33,-27,7GbabVPLnXLQMsDRQN3bSoxmOMk=,qKnjTkttnKKz7+e27eR2zDA2fTY=
-37,-26,7GbabVPLnXLQMsDRQN3bSoxmOMk=,qKnjTkttnKKz7+e27eR2zDA2fTY=
-36,-26,7GbabVPLnXLQMsDRQN3bSoxmOMk=,qKnjTkttnKKz7+e27eR2zDA2fTY=
-37,-32,7GbabVPLnXLQMsDRQN3bSoxmOMk=,qKnjTkttnKKz7+e27eR2zDA2fTY=
-35,-26,7GbabVPLnXLQMsDRQN3bSoxmOMk=,qKnjTkttnKKz7+e27eR2zDA2fTY=
-36,-32,7GbabVPLnXLQMsDRQN3bSoxmOMk=,qKnjTkttnKKz7+e27eR2zDA2fTY=
-35,-32,7GbabVPLnXLQMsDRQN3bSoxmOMk=,qKnjTkttnKKz7+e27eR2zDA2fTY=
-34,-32,7GbabVPLnXLQMsDRQN3bSoxmOMk=,qKnjTkttnKKz7+e27eR2zDA2fTY=
-33,-32,7GbabVPLnXLQMsDRQN3bSoxmOMk=,qKnjTkttnKKz7+e27eR2zDA2fTY=
-37,-31,7GbabVPLnXLQMsDRQN3bSoxmOMk=,qKnjTkttnKKz7+e27eR2zDA2fTY=
-36,-31,7GbabVPLnXLQMsDRQN3bSoxmOMk=,qKnjTkttnKKz7+e27eR2zDA2fTY=
-35,-31,7GbabVPLnXLQMsDRQN3bSoxmOMk=,qKnjTkttnKKz7+e27eR2zDA2fTY=
-34,-31,7GbabVPLnXLQMsDRQN3bSoxmOMk=,qKnjTkttnKKz7+e27eR2zDA2fTY=
-34,-24,7GbabVPLnXLQMsDRQN3bSoxmOMk=,vHygMElUpDakGwGYH2kxkJ7wSR4=
-33,-31,7GbabVPLnXLQMsDRQN3bSoxmOMk=,qKnjTkttnKKz7+e27eR2zDA2fTY=
-34,-26,7GbabVPLnXLQMsDRQN3bSoxmOMk=,qKnjTkttnKKz7+e27eR2zDA2fTY=
-33,-26,7GbabVPLnXLQMsDRQN3bSoxmOMk=,qKnjTkttnKKz7+e27eR2zDA2fTY=
-37,-30,7GbabVPLnXLQMsDRQN3bSoxmOMk=,qKnjTkttnKKz7+e27eR2zDA2fTY=
-36,-30,7GbabVPLnXLQMsDRQN3bSoxmOMk=,qKnjTkttnKKz7+e27eR2zDA2fTY=
-35,-30,7GbabVPLnXLQMsDRQN3bSoxmOMk=,qKnjTkttnKKz7+e27eR2zDA2fTY=
-34,-30,7GbabVPLnXLQMsDRQN3bSoxmOMk=,qKnjTkttnKKz7+e27eR2zDA2fTY=
-33,-30,7GbabVPLnXLQMsDRQN3bSoxmOMk=,qKnjTkttnKKz7+e27eR2zDA2fTY=
-38,-29,fs+hvpsMQwbE4LbLFzS0NY5W0gs=,qKnjTkttnKKz7+e27eR2zDA2fTY=
-37,-29,fs+hvpsMQwbE4LbLFzS0NY5W0gs=,qKnjTkttnKKz7+e27eR2zDA2fTY=
-36,-29,fs+hvpsMQwbE4LbLFzS0NY5W0gs=,qKnjTkttnKKz7+e27eR2zDA2fTY=
-38,-25,fs+hvpsMQwbE4LbLFzS0NY5W0gs=,qKnjTkttnKKz7+e27eR2zDA2fTY=
-37,-25,fs+hvpsMQwbE4LbLFzS0NY5W0gs=,qKnjTkttnKKz7+e27eR2zDA2fTY=
-36,-24,fs+hvpsMQwbE4LbLFzS0NY5W0gs=,vHygMElUpDakGwGYH2kxkJ7wSR4=
-36,-25,fs+hvpsMQwbE4LbLFzS0NY5W0gs=,qKnjTkttnKKz7+e27eR2zDA2fTY=
-35,-25,fs+hvpsMQwbE4LbLFzS0NY5W0gs=,qKnjTkttnKKz7+e27eR2zDA2fTY=
-34,-25,fs+hvpsMQwbE4LbLFzS0NY5W0gs=,qKnjTkttnKKz7+e27eR2zDA2fTY=
-33,-25,fs+hvpsMQwbE4LbLFzS0NY5W0gs=,qKnjTkttnKKz7+e27eR2zDA2fTY=
-35,-29,fs+hvpsMQwbE4LbLFzS0NY5W0gs=,qKnjTkttnKKz7+e27eR2zDA2fTY=
-34,-29,fs+hvpsMQwbE4LbLFzS0NY5W0gs=,qKnjTkttnKKz7+e27eR2zDA2fTY=
-33,-29,fs+hvpsMQwbE4LbLFzS0NY5W0gs=,qKnjTkttnKKz7+e27eR2zDA2fTY=
-38,-24,fs+hvpsMQwbE4LbLFzS0NY5W0gs=,vHygMElUpDakGwGYH2kxkJ7wSR4=
-33,-24,fs+hvpsMQwbE4LbLFzS0NY5W0gs=,vHygMElUpDakGwGYH2kxkJ7wSR4=
-37,-24,fs+hvpsMQwbE4LbLFzS0NY5W0gs=,vHygMElUpDakGwGYH2kxkJ7wSR4=
-35,-24,fs+hvpsMQwbE4LbLFzS0NY5W0gs=,vHygMElUpDakGwGYH2kxkJ7wSR4=
-37,-17,fs+hvpsMQwbE4LbLFzS0NY5W0gs=,vHygMElUpDakGwGYH2kxkJ7wSR4=
-36,-17,fs+hvpsMQwbE4LbLFzS0NY5W0gs=,vHygMElUpDakGwGYH2kxkJ7wSR4=
-35,-17,fs+hvpsMQwbE4LbLFzS0NY5W0gs=,vHygMElUpDakGwGYH2kxkJ7wSR4=
-34,-17,fs+hvpsMQwbE4LbLFzS0NY5W0gs=,vHygMElUpDakGwGYH2kxkJ7wSR4=
-33,-17,fs+hvpsMQwbE4LbLFzS0NY5W0gs=,vHygMElUpDakGwGYH2kxkJ7wSR4=
-39,-29,fs+hvpsMQwbE4LbLFzS0NY5W0gs=,qKnjTkttnKKz7+e27eR2zDA2fTY=
-40,-29,fs+hvpsMQwbE4LbLFzS0NY5W0gs=,qKnjTkttnKKz7+e27eR2zDA2fTY=
-38,-30,fs+hvpsMQwbE4LbLFzS0NY5W0gs=,qKnjTkttnKKz7+e27eR2zDA2fTY=
-39,-30,fs+hvpsMQwbE4LbLFzS0NY5W0gs=,qKnjTkttnKKz7+e27eR2zDA2fTY=
-40,-30,fs+hvpsMQwbE4LbLFzS0NY5W0gs=,qKnjTkttnKKz7+e27eR2zDA2fTY=
-38,-31,fs+hvpsMQwbE4LbLFzS0NY5W0gs=,qKnjTkttnKKz7+e27eR2zDA2fTY=
-39,-31,fs+hvpsMQwbE4LbLFzS0NY5W0gs=,qKnjTkttnKKz7+e27eR2zDA2fTY=
-40,-31,fs+hvpsMQwbE4LbLFzS0NY5W0gs=,qKnjTkttnKKz7+e27eR2zDA2fTY=
-38,-32,fs+hvpsMQwbE4LbLFzS0NY5W0gs=,qKnjTkttnKKz7+e27eR2zDA2fTY=
-40,-32,fs+hvpsMQwbE4LbLFzS0NY5W0gs=,qKnjTkttnKKz7+e27eR2zDA2fTY=
-39,-32,fs+hvpsMQwbE4LbLFzS0NY5W0gs=,qKnjTkttnKKz7+e27eR2zDA2fTY=
-39,-28,fs+hvpsMQwbE4LbLFzS0NY5W0gs=,qKnjTkttnKKz7+e27eR2zDA2fTY=
-40,-28,fs+hvpsMQwbE4LbLFzS0NY5W0gs=,qKnjTkttnKKz7+e27eR2zDA2fTY=
-39,-25,fs+hvpsMQwbE4LbLFzS0NY5W0gs=,qKnjTkttnKKz7+e27eR2zDA2fTY=
-38,-17,fs+hvpsMQwbE4LbLFzS0NY5W0gs=,vHygMElUpDakGwGYH2kxkJ7wSR4=
-40,-25,fs+hvpsMQwbE4LbLFzS0NY5W0gs=,qKnjTkttnKKz7+e27eR2zDA2fTY=
-38,-26,fs+hvpsMQwbE4LbLFzS0NY5W0gs=,qKnjTkttnKKz7+e27eR2zDA2fTY=
-39,-26,fs+hvpsMQwbE4LbLFzS0NY5W0gs=,qKnjTkttnKKz7+e27eR2zDA2fTY=
-40,-26,fs+hvpsMQwbE4LbLFzS0NY5W0gs=,qKnjTkttnKKz7+e27eR2zDA2fTY=
-39,-27,fs+hvpsMQwbE4LbLFzS0NY5W0gs=,qKnjTkttnKKz7+e27eR2zDA2fTY=
-40,-27,fs+hvpsMQwbE4LbLFzS0NY5W0gs=,qKnjTkttnKKz7+e27eR2zDA2fTY=
-40,-19,fs+hvpsMQwbE4LbLFzS0NY5W0gs=,vHygMElUpDakGwGYH2kxkJ7wSR4=
-39,-17,fs+hvpsMQwbE4LbLFzS0NY5W0gs=,vHygMElUpDakGwGYH2kxkJ7wSR4=
-40,-17,fs+hvpsMQwbE4LbLFzS0NY5W0gs=,vHygMElUpDakGwGYH2kxkJ7wSR4=
-39,-24,fs+hvpsMQwbE4LbLFzS0NY5W0gs=,vHygMElUpDakGwGYH2kxkJ7wSR4=
-40,-24,fs+hvpsMQwbE4LbLFzS0NY5W0gs=,vHygMElUpDakGwGYH2kxkJ7wSR4=
-40,-18,fs+hvpsMQwbE4LbLFzS0NY5W0gs=,vHygMElUpDakGwGYH2kxkJ7wSR4=
-39,-18,fs+hvpsMQwbE4LbLFzS0NY5W0gs=,vHygMElUpDakGwGYH2kxkJ7wSR4=
-38,-18,fs+hvpsMQwbE4LbLFzS0NY5W0gs=,vHygMElUpDakGwGYH2kxkJ7wSR4=
-39,-19,fs+hvpsMQwbE4LbLFzS0NY5W0gs=,vHygMElUpDakGwGYH2kxkJ7wSR4=
-38,-19,fs+hvpsMQwbE4LbLFzS0NY5W0gs=,vHygMElUpDakGwGYH2kxkJ7wSR4=
-40,-20,fs+hvpsMQwbE4LbLFzS0NY5W0gs=,vHygMElUpDakGwGYH2kxkJ7wSR4=
-39,-20,fs+hvpsMQwbE4LbLFzS0NY5W0gs=,vHygMElUpDakGwGYH2kxkJ7wSR4=
-40,-22,fs+hvpsMQwbE4LbLFzS0NY5W0gs=,vHygMElUpDakGwGYH2kxkJ7wSR4=
-40,-23,fs+hvpsMQwbE4LbLFzS0NY5W0gs=,vHygMElUpDakGwGYH2kxkJ7wSR4=
-39,-22,fs+hvpsMQwbE4LbLFzS0NY5W0gs=,vHygMElUpDakGwGYH2kxkJ7wSR4=
-39,-23,fs+hvpsMQwbE4LbLFzS0NY5W0gs=,vHygMElUpDakGwGYH2kxkJ7wSR4=
