33,12,PQy8/KXoxCkEyHqXogBkpCZWNPs=,6EZRMOOCYYXW9okF267h6gLWqas=
34,12,PQy8/KXoxCkEyHqXogBkpCZWNPs=,6EZRMOOCYYXW9okF267h6gLWqas=
33,15,PQy8/KXoxCkEyHqXogBkpCZWNPs=,6EZRMOOCYYXW9okF267h6gLWqas=
34,15,PQy8/KXoxCkEyHqXogBkpCZWNPs=,6EZRMOOCYYXW9okF267h6gLWqas=
35,15,PQy8/KXoxCkEyHqXogBkpCZWNPs=,6EZRMOOCYYXW9okF267h6gLWqas=
35,12,PQy8/KXoxCkEyHqXogBkpCZWNPs=,6EZRMOOCYYXW9okF267h6gLWqas=
37,14,PQy8/KXoxCkEyHqXogBkpCZWNPs=,6EZRMOOCYYXW9okF267h6gLWqas=
36,14,PQy8/KXoxCkEyHqXogBkpCZWNPs=,6EZRMOOCYYXW9okF267h6gLWqas=
35,14,PQy8/KXoxCkEyHqXogBkpCZWNPs=,6EZRMOOCYYXW9okF267h6gLWqas=
34,14,PQy8/KXoxCkEyHqXogBkpCZWNPs=,6EZRMOOCYYXW9okF267h6gLWqas=
33,14,PQy8/KXoxCkEyHqXogBkpCZWNPs=,6EZRMOOCYYXW9okF267h6gLWqas=
39,13,PQy8/KXoxCkEyHqXogBkpCZWNPs=,6EZRMOOCYYXW9okF267h6gLWqas=
38,13,PQy8/KXoxCkEyHqXogBkpCZWNPs=,6EZRMOOCYYXW9okF267h6gLWqas=
37,13,PQy8/KXoxCkEyHqXogBkpCZWNPs=,6EZRMOOCYYXW9okF267h6gLWqas=
36,13,PQy8/KXoxCkEyHqXogBkpCZWNPs=,6EZRMOOCYYXW9okF267h6gLWqas=
35,13,PQy8/KXoxCkEyHqXogBkpCZWNPs=,6EZRMOOCYYXW9okF267h6gLWqas=
34,13,PQy8/KXoxCkEyHqXogBkpCZWNPs=,6EZRMOOCYYXW9okF267h6gLWqas=
33,13,PQy8/KXoxCkEyHqXogBkpCZWNPs=,6EZRMOOCYYXW9okF267h6gLWqas=
38,12,PQy8/KXoxCkEyHqXogBkpCZWNPs=,6EZRMOOCYYXW9okF267h6gLWqas=
39,12,PQy8/KXoxCkEyHqXogBkpCZWNPs=,6EZRMOOCYYXW9okF267h6gLWqas=
37,12,PQy8/KXoxCkEyHqXogBkpCZWNPs=,6EZRMOOCYYXW9okF267h6gLWqas=
36,12,PQy8/KXoxCkEyHqXogBkpCZWNPs=,6EZRMOOCYYXW9okF267h6gLWqas=
38,0,yR+VTmZD7O+x6Df61qi0ESu+86c=,K9TJ0x1oP6h5J75Bmw6wCdIqyxs=
33,6,yR+VTmZD7O+x6Df61qi0ESu+86c=,K9TJ0x1oP6h5J75Bmw6wCdIqyxs=
37,0,yR+VTmZD7O+x6Df61qi0ESu+86c=,K9TJ0x1oP6h5J75Bmw6wCdIqyxs=
36,0,yR+VTmZD7O+x6Df61qi0ESu+86c=,K9TJ0x1oP6h5J75Bmw6wCdIqyxs=
35,0,yR+VTmZD7O+x6Df61qi0ESu+86c=,K9TJ0x1oP6h5J75Bmw6wCdIqyxs=
34,0,yR+VTmZD7O+x6Df61qi0ESu+86c=,K9TJ0x1oP6h5J75Bmw6wCdIqyxs=
33,0,yR+VTmZD7O+x6Df61qi0ESu+86c=,K9TJ0x1oP6h5J75Bmw6wCdIqyxs=
39,0,yR+VTmZD7O+x6Df61qi0ESu+86c=,K9TJ0x1oP6h5J75Bmw6wCdIqyxs=
35,8,yR+VTmZD7O+x6Df61qi0ESu+86c=,6EZRMOOCYYXW9okF267h6gLWqas=
32,9,yR+VTmZD7O+x6Df61qi0ESu+86c=,6EZRMOOCYYXW9okF267h6gLWqas=
33,9,yR+VTmZD7O+x6Df61qi0ESu+86c=,6EZRMOOCYYXW9okF267h6gLWqas=
34,6,yR+VTmZD7O+x6Df61qi0ESu+86c=,K9TJ0x1oP6h5J75Bmw6wCdIqyxs=
35,6,yR+VTmZD7O+x6Df61qi0ESu+86c=,K9TJ0x1oP6h5J75Bmw6wCdIqyxs=
34,9,yR+VTmZD7O+x6Df61qi0ESu+86c=,6EZRMOOCYYXW9okF267h6gLWqas=
36,6,yR+VTmZD7O+x6Df61qi0ESu+86c=,K9TJ0x1oP6h5J75Bmw6wCdIqyxs=
32,10,yR+VTmZD7O+x6Df61qi0ESu+86c=,6EZRMOOCYYXW9okF267h6gLWqas=
37,6,yR+VTmZD7O+x6Df61qi0ESu+86c=,K9TJ0x1oP6h5J75Bmw6wCdIqyxs=
33,10,yR+VTmZD7O+x6Df61qi0ESu+86c=,6EZRMOOCYYXW9okF267h6gLWqas=
38,6,yR+VTmZD7O+x6Df61qi0ESu+86c=,K9TJ0x1oP6h5J75Bmw6wCdIqyxs=
34,8,yR+VTmZD7O+x6Df61qi0ESu+86c=,6EZRMOOCYYXW9okF267h6gLWqas=
39,6,yR+VTmZD7O+x6Df61qi0ESu+86c=,K9TJ0x1oP6h5J75Bmw6wCdIqyxs=
33,7,yR+VTmZD7O+x6Df61qi0ESu+86c=,K9TJ0x1oP6h5J75Bmw6wCdIqyxs=
34,7,yR+VTmZD7O+x6Df61qi0ESu+86c=,K9TJ0x1oP6h5J75Bmw6wCdIqyxs=
35,7,yR+VTmZD7O+x6Df61qi0ESu+86c=,K9TJ0x1oP6h5J75Bmw6wCdIqyxs=
36,7,yR+VTmZD7O+x6Df61qi0ESu+86c=,K9TJ0x1oP6h5J75Bmw6wCdIqyxs=
37,7,yR+VTmZD7O+x6Df61qi0ESu+86c=,K9TJ0x1oP6h5J75Bmw6wCdIqyxs=
38,7,yR+VTmZD7O+x6Df61qi0ESu+86c=,K9TJ0x1oP6h5J75Bmw6wCdIqyxs=
39,7,yR+VTmZD7O+x6Df61qi0ESu+86c=,K9TJ0x1oP6h5J75Bmw6wCdIqyxs=
35,9,yR+VTmZD7O+x6Df61qi0ESu+86c=,6EZRMOOCYYXW9okF267h6gLWqas=
34,10,yR+VTmZD7O+x6Df61qi0ESu+86c=,6EZRMOOCYYXW9okF267h6gLWqas=
35,11,yR+VTmZD7O+x6Df61qi0ESu+86c=,6EZRMOOCYYXW9okF267h6gLWqas=
32,8,yR+VTmZD7O+x6Df61qi0ESu+86c=,6EZRMOOCYYXW9okF267h6gLWqas=
34,11,yR+VTmZD7O+x6Df61qi0ESu+86c=,6EZRMOOCYYXW9okF267h6gLWqas=
32,7,yR+VTmZD7O+x6Df61qi0ESu+86c=,K9TJ0x1oP6h5J75Bmw6wCdIqyxs=
32,6,yR+VTmZD7O+x6Df61qi0ESu+86c=,K9TJ0x1oP6h5J75Bmw6wCdIqyxs=
33,11,yR+VTmZD7O+x6Df61qi0ESu+86c=,6EZRMOOCYYXW9okF267h6gLWqas=
35,5,yR+VTmZD7O+x6Df61qi0ESu+86c=,K9TJ0x1oP6h5J75Bmw6wCdIqyxs=
33,8,yR+VTmZD7O+x6Df61qi0ESu+86c=,6EZRMOOCYYXW9okF267h6gLWqas=
32,11,yR+VTmZD7O+x6Df61qi0ESu+86c=,6EZRMOOCYYXW9okF267h6gLWqas=
35,10,yR+VTmZD7O+x6Df61qi0ESu+86c=,6EZRMOOCYYXW9okF267h6gLWqas=
34,5,yR+VTmZD7O+x6Df61qi0ESu+86c=,K9TJ0x1oP6h5J75Bmw6wCdIqyxs=
33,5,yR+VTmZD7O+x6Df61qi0ESu+86c=,K9TJ0x1oP6h5J75Bmw6wCdIqyxs=
32,5,yR+VTmZD7O+x6Df61qi0ESu+86c=,K9TJ0x1oP6h5J75Bmw6wCdIqyxs=
35,4,yR+VTmZD7O+x6Df61qi0ESu+86c=,K9TJ0x1oP6h5J75Bmw6wCdIqyxs=
34,4,yR+VTmZD7O+x6Df61qi0ESu+86c=,K9TJ0x1oP6h5J75Bmw6wCdIqyxs=
32,4,yR+VTmZD7O+x6Df61qi0ESu+86c=,K9TJ0x1oP6h5J75Bmw6wCdIqyxs=
33,4,yR+VTmZD7O+x6Df61qi0ESu+86c=,K9TJ0x1oP6h5J75Bmw6wCdIqyxs=
35,1,yR+VTmZD7O+x6Df61qi0ESu+86c=,K9TJ0x1oP6h5J75Bmw6wCdIqyxs=
32,2,yR+VTmZD7O+x6Df61qi0ESu+86c=,K9TJ0x1oP6h5J75Bmw6wCdIqyxs=
32,0,yR+VTmZD7O+x6Df61qi0ESu+86c=,K9TJ0x1oP6h5J75Bmw6wCdIqyxs=
34,1,yR+VTmZD7O+x6Df61qi0ESu+86c=,K9TJ0x1oP6h5J75Bmw6wCdIqyxs=
33,1,yR+VTmZD7O+x6Df61qi0ESu+86c=,K9TJ0x1oP6h5J75Bmw6wCdIqyxs=
33,2,yR+VTmZD7O+x6Df61qi0ESu+86c=,K9TJ0x1oP6h5J75Bmw6wCdIqyxs=
32,1,yR+VTmZD7O+x6Df61qi0ESu+86c=,K9TJ0x1oP6h5J75Bmw6wCdIqyxs=
35,3,yR+VTmZD7O+x6Df61qi0ESu+86c=,K9TJ0x1oP6h5J75Bmw6wCdIqyxs=
34,3,yR+VTmZD7O+x6Df61qi0ESu+86c=,K9TJ0x1oP6h5J75Bmw6wCdIqyxs=
33,3,yR+VTmZD7O+x6Df61qi0ESu+86c=,K9TJ0x1oP6h5J75Bmw6wCdIqyxs=
32,3,yR+VTmZD7O+x6Df61qi0ESu+86c=,K9TJ0x1oP6h5J75Bmw6wCdIqyxs=
35,2,yR+VTmZD7O+x6Df61qi0ESu+86c=,K9TJ0x1oP6h5J75Bmw6wCdIqyxs=
34,2,yR+VTmZD7O+x6Df61qi0ESu+86c=,K9TJ0x1oP6h5J75Bmw6wCdIqyxs=
32,13,yR+VTmZD7O+x6Df61qi0ESu+86c=,6EZRMOOCYYXW9okF267h6gLWqas=
32,15,yR+VTmZD7O+x6Df61qi0ESu+86c=,6EZRMOOCYYXW9okF267h6gLWqas=
32,12,yR+VTmZD7O+x6Df61qi0ESu+86c=,6EZRMOOCYYXW9okF267h6gLWqas=
32,14,yR+VTmZD7O+x6Df61qi0ESu+86c=,6EZRMOOCYYXW9okF267h6gLWqas=
36,1,yR+VTmZD7O+x6Df61qi0ESu+86c=,K9TJ0x1oP6h5J75Bmw6wCdIqyxs=
36,2,yR+VTmZD7O+x6Df61qi0ESu+86c=,K9TJ0x1oP6h5J75Bmw6wCdIqyxs=
37,2,yR+VTmZD7O+x6Df61qi0ESu+86c=,K9TJ0x1oP6h5J75Bmw6wCdIqyxs=
39,2,yR+VTmZD7O+x6Df61qi0ESu+86c=,K9TJ0x1oP6h5J75Bmw6wCdIqyxs=
38,2,yR+VTmZD7O+x6Df61qi0ESu+86c=,K9TJ0x1oP6h5J75Bmw6wCdIqyxs=
36,3,yR+VTmZD7O+x6Df61qi0ESu+86c=,K9TJ0x1oP6h5J75Bmw6wCdIqyxs=
37,3,yR+VTmZD7O+x6Df61qi0ESu+86c=,K9TJ0x1oP6h5J75Bmw6wCdIqyxs=
39,3,yR+VTmZD7O+x6Df61qi0ESu+86c=,K9TJ0x1oP6h5J75Bmw6wCdIqyxs=
38,3,yR+VTmZD7O+x6Df61qi0ESu+86c=,K9TJ0x1oP6h5J75Bmw6wCdIqyxs=
39,1,yR+VTmZD7O+x6Df61qi0ESu+86c=,K9TJ0x1oP6h5J75Bmw6wCdIqyxs=
38,1,yR+VTmZD7O+x6Df61qi0ESu+86c=,K9TJ0x1oP6h5J75Bmw6wCdIqyxs=
37,1,yR+VTmZD7O+x6Df61qi0ESu+86c=,K9TJ0x1oP6h5J75Bmw6wCdIqyxs=
36,8,yR+VTmZD7O+x6Df61qi0ESu+86c=,6EZRMOOCYYXW9okF267h6gLWqas=
39,5,yR+VTmZD7O+x6Df61qi0ESu+86c=,K9TJ0x1oP6h5J75Bmw6wCdIqyxs=
37,4,yR+VTmZD7O+x6Df61qi0ESu+86c=,K9TJ0x1oP6h5J75Bmw6wCdIqyxs=
36,4,yR+VTmZD7O+x6Df61qi0ESu+86c=,K9TJ0x1oP6h5J75Bmw6wCdIqyxs=
38,5,yR+VTmZD7O+x6Df61qi0ESu+86c=,K9TJ0x1oP6h5J75Bmw6wCdIqyxs=
36,10,yR+VTmZD7O+x6Df61qi0ESu+86c=,6EZRMOOCYYXW9okF267h6gLWqas=
37,5,yR+VTmZD7O+x6Df61qi0ESu+86c=,K9TJ0x1oP6h5J75Bmw6wCdIqyxs=
36,5,yR+VTmZD7O+x6Df61qi0ESu+86c=,K9TJ0x1oP6h5J75Bmw6wCdIqyxs=
38,10,yR+VTmZD7O+x6Df61qi0ESu+86c=,6EZRMOOCYYXW9okF267h6gLWqas=
39,4,yR+VTmZD7O+x6Df61qi0ESu+86c=,K9TJ0x1oP6h5J75Bmw6wCdIqyxs=
37,10,yR+VTmZD7O+x6Df61qi0ESu+86c=,6EZRMOOCYYXW9okF267h6gLWqas=
38,4,yR+VTmZD7O+x6Df61qi0ESu+86c=,K9TJ0x1oP6h5J75Bmw6wCdIqyxs=
37,11,yR+VTmZD7O+x6Df61qi0ESu+86c=,6EZRMOOCYYXW9okF267h6gLWqas=
36,11,yR+VTmZD7O+x6Df61qi0ESu+86c=,6EZRMOOCYYXW9okF267h6gLWqas=
38,11,yR+VTmZD7O+x6Df61qi0ESu+86c=,6EZRMOOCYYXW9okF267h6gLWqas=
36,15,yR+VTmZD7O+x6Df61qi0ESu+86c=,6EZRMOOCYYXW9okF267h6gLWqas=
39,11,yR+VTmZD7O+x6Df61qi0ESu+86c=,6EZRMOOCYYXW9okF267h6gLWqas=
37,15,yR+VTmZD7O+x6Df61qi0ESu+86c=,6EZRMOOCYYXW9okF267h6gLWqas=
39,15,yR+VTmZD7O+x6Df61qi0ESu+86c=,6EZRMOOCYYXW9okF267h6gLWqas=
38,15,yR+VTmZD7O+x6Df61qi0ESu+86c=,6EZRMOOCYYXW9okF267h6gLWqas=
39,9,yR+VTmZD7O+x6Df61qi0ESu+86c=,6EZRMOOCYYXW9okF267h6gLWqas=
36,9,yR+VTmZD7O+x6Df61qi0ESu+86c=,6EZRMOOCYYXW9okF267h6gLWqas=
37,9,yR+VTmZD7O+x6Df61qi0ESu+86c=,6EZRMOOCYYXW9okF267h6gLWqas=
39,14,yR+VTmZD7O+x6Df61qi0ESu+86c=,6EZRMOOCYYXW9okF267h6gLWqas=
38,14,yR+VTmZD7O+x6Df61qi0ESu+86c=,6EZRMOOCYYXW9okF267h6gLWqas=
39,8,yR+VTmZD7O+x6Df61qi0ESu+86c=,6EZRMOOCYYXW9okF267h6gLWqas=
38,9,yR+VTmZD7O+x6Df61qi0ESu+86c=,6EZRMOOCYYXW9okF267h6gLWqas=
38,8,yR+VTmZD7O+x6Df61qi0ESu+86c=,6EZRMOOCYYXW9okF267h6gLWqas=
37,8,yR+VTmZD7O+x6Df61qi0ESu+86c=,6EZRMOOCYYXW9okF267h6gLWqas=
39,10,yR+VTmZD7O+x6Df61qi0ESu+86c=,6EZRMOOCYYXW9okF267h6gLWqas=
38,21,yR+VTmZD7O+x6Df61qi0ESu+86c=,iynqctDaHq2cjLu+IzsE6M5cdf4=
39,21,yR+VTmZD7O+x6Df61qi0ESu+86c=,iynqctDaHq2cjLu+IzsE6M5cdf4=
35,18,yR+VTmZD7O+x6Df61qi0ESu+86c=,iynqctDaHq2cjLu+IzsE6M5cdf4=
33,22,yR+VTmZD7O+x6Df61qi0ESu+86c=,iynqctDaHq2cjLu+IzsE6M5cdf4=
34,22,yR+VTmZD7O+x6Df61qi0ESu+86c=,iynqctDaHq2cjLu+IzsE6M5cdf4=
35,22,yR+VTmZD7O+x6Df61qi0ESu+86c=,iynqctDaHq2cjLu+IzsE6M5cdf4=
36,19,yR+VTmZD7O+x6Df61qi0ESu+86c=,iynqctDaHq2cjLu+IzsE6M5cdf4=
36,22,yR+VTmZD7O+x6Df61qi0ESu+86c=,iynqctDaHq2cjLu+IzsE6M5cdf4=
38,20,yR+VTmZD7O+x6Df61qi0ESu+86c=,iynqctDaHq2cjLu+IzsE6M5cdf4=
37,19,yR+VTmZD7O+x6Df61qi0ESu+86c=,iynqctDaHq2cjLu+IzsE6M5cdf4=
38,19,yR+VTmZD7O+x6Df61qi0ESu+86c=,iynqctDaHq2cjLu+IzsE6M5cdf4=
37,22,yR+VTmZD7O+x6Df61qi0ESu+86c=,iynqctDaHq2cjLu+IzsE6M5cdf4=
39,19,yR+VTmZD7O+x6Df61qi0ESu+86c=,iynqctDaHq2cjLu+IzsE6M5cdf4=
38,22,yR+VTmZD7O+x6Df61qi0ESu+86c=,iynqctDaHq2cjLu+IzsE6M5cdf4=
39,22,yR+VTmZD7O+x6Df61qi0ESu+86c=,iynqctDaHq2cjLu+IzsE6M5cdf4=
34,17,yR+VTmZD7O+x6Df61qi0ESu+86c=,iynqctDaHq2cjLu+IzsE6M5cdf4=
35,17,yR+VTmZD7O+x6Df61qi0ESu+86c=,iynqctDaHq2cjLu+IzsE6M5cdf4=
37,21,yR+VTmZD7O+x6Df61qi0ESu+86c=,iynqctDaHq2cjLu+IzsE6M5cdf4=
35,19,yR+VTmZD7O+x6Df61qi0ESu+86c=,iynqctDaHq2cjLu+IzsE6M5cdf4=
34,19,yR+VTmZD7O+x6Df61qi0ESu+86c=,iynqctDaHq2cjLu+IzsE6M5cdf4=
33,19,yR+VTmZD7O+x6Df61qi0ESu+86c=,iynqctDaHq2cjLu+IzsE6M5cdf4=
39,18,yR+VTmZD7O+x6Df61qi0ESu+86c=,iynqctDaHq2cjLu+IzsE6M5cdf4=
39,20,yR+VTmZD7O+x6Df61qi0ESu+86c=,iynqctDaHq2cjLu+IzsE6M5cdf4=
33,20,yR+VTmZD7O+x6Df61qi0ESu+86c=,iynqctDaHq2cjLu+IzsE6M5cdf4=
33,21,yR+VTmZD7O+x6Df61qi0ESu+86c=,iynqctDaHq2cjLu+IzsE6M5cdf4=
34,20,yR+VTmZD7O+x6Df61qi0ESu+86c=,iynqctDaHq2cjLu+IzsE6M5cdf4=
34,21,yR+VTmZD7O+x6Df61qi0ESu+86c=,iynqctDaHq2cjLu+IzsE6M5cdf4=
36,17,yR+VTmZD7O+x6Df61qi0ESu+86c=,iynqctDaHq2cjLu+IzsE6M5cdf4=
37,17,yR+VTmZD7O+x6Df61qi0ESu+86c=,iynqctDaHq2cjLu+IzsE6M5cdf4=
33,18,yR+VTmZD7O+x6Df61qi0ESu+86c=,iynqctDaHq2cjLu+IzsE6M5cdf4=
35,20,yR+VTmZD7O+x6Df61qi0ESu+86c=,iynqctDaHq2cjLu+IzsE6M5cdf4=
34,18,yR+VTmZD7O+x6Df61qi0ESu+86c=,iynqctDaHq2cjLu+IzsE6M5cdf4=
35,21,yR+VTmZD7O+x6Df61qi0ESu+86c=,iynqctDaHq2cjLu+IzsE6M5cdf4=
36,21,yR+VTmZD7O+x6Df61qi0ESu+86c=,iynqctDaHq2cjLu+IzsE6M5cdf4=
36,18,yR+VTmZD7O+x6Df61qi0ESu+86c=,iynqctDaHq2cjLu+IzsE6M5cdf4=
36,20,yR+VTmZD7O+x6Df61qi0ESu+86c=,iynqctDaHq2cjLu+IzsE6M5cdf4=
37,18,yR+VTmZD7O+x6Df61qi0ESu+86c=,iynqctDaHq2cjLu+IzsE6M5cdf4=
38,18,yR+VTmZD7O+x6Df61qi0ESu+86c=,iynqctDaHq2cjLu+IzsE6M5cdf4=
37,20,yR+VTmZD7O+x6Df61qi0ESu+86c=,iynqctDaHq2cjLu+IzsE6M5cdf4=
33,17,yR+VTmZD7O+x6Df61qi0ESu+86c=,iynqctDaHq2cjLu+IzsE6M5cdf4=
35,29,yR+VTmZD7O+x6Df61qi0ESu+86c=,FNqiw5RD5sR8Ts0FKsulqfXIOlg=
36,29,yR+VTmZD7O+x6Df61qi0ESu+86c=,FNqiw5RD5sR8Ts0FKsulqfXIOlg=
37,29,yR+VTmZD7O+x6Df61qi0ESu+86c=,FNqiw5RD5sR8Ts0FKsulqfXIOlg=
38,29,yR+VTmZD7O+x6Df61qi0ESu+86c=,FNqiw5RD5sR8Ts0FKsulqfXIOlg=
39,29,yR+VTmZD7O+x6Df61qi0ESu+86c=,FNqiw5RD5sR8Ts0FKsulqfXIOlg=
35,30,yR+VTmZD7O+x6Df61qi0ESu+86c=,FNqiw5RD5sR8Ts0FKsulqfXIOlg=
36,30,yR+VTmZD7O+x6Df61qi0ESu+86c=,FNqiw5RD5sR8Ts0FKsulqfXIOlg=
37,30,E5/sau/Gn0Tks5U9V8Iw0nBZgno=,FNqiw5RD5sR8Ts0FKsulqfXIOlg=
38,28,E5/sau/Gn0Tks5U9V8Iw0nBZgno=,FNqiw5RD5sR8Ts0FKsulqfXIOlg=
37,28,E5/sau/Gn0Tks5U9V8Iw0nBZgno=,FNqiw5RD5sR8Ts0FKsulqfXIOlg=
36,28,E5/sau/Gn0Tks5U9V8Iw0nBZgno=,FNqiw5RD5sR8Ts0FKsulqfXIOlg=
35,28,E5/sau/Gn0Tks5U9V8Iw0nBZgno=,FNqiw5RD5sR8Ts0FKsulqfXIOlg=
39,28,E5/sau/Gn0Tks5U9V8Iw0nBZgno=,FNqiw5RD5sR8Ts0FKsulqfXIOlg=
38,27,E5/sau/Gn0Tks5U9V8Iw0nBZgno=,FNqiw5RD5sR8Ts0FKsulqfXIOlg=
37,27,E5/sau/Gn0Tks5U9V8Iw0nBZgno=,FNqiw5RD5sR8Ts0FKsulqfXIOlg=
36,27,E5/sau/Gn0Tks5U9V8Iw0nBZgno=,FNqiw5RD5sR8Ts0FKsulqfXIOlg=
35,27,E5/sau/Gn0Tks5U9V8Iw0nBZgno=,FNqiw5RD5sR8Ts0FKsulqfXIOlg=
39,26,E5/sau/Gn0Tks5U9V8Iw0nBZgno=,FNqiw5RD5sR8Ts0FKsulqfXIOlg=
38,26,E5/sau/Gn0Tks5U9V8Iw0nBZgno=,FNqiw5RD5sR8Ts0FKsulqfXIOlg=
37,26,E5/sau/Gn0Tks5U9V8Iw0nBZgno=,FNqiw5RD5sR8Ts0FKsulqfXIOlg=
36,26,E5/sau/Gn0Tks5U9V8Iw0nBZgno=,FNqiw5RD5sR8Ts0FKsulqfXIOlg=
35,26,E5/sau/Gn0Tks5U9V8Iw0nBZgno=,FNqiw5RD5sR8Ts0FKsulqfXIOlg=
34,26,E5/sau/Gn0Tks5U9V8Iw0nBZgno=,FNqiw5RD5sR8Ts0FKsulqfXIOlg=
33,26,E5/sau/Gn0Tks5U9V8Iw0nBZgno=,FNqiw5RD5sR8Ts0FKsulqfXIOlg=
39,25,E5/sau/Gn0Tks5U9V8Iw0nBZgno=,FNqiw5RD5sR8Ts0FKsulqfXIOlg=
38,25,E5/sau/Gn0Tks5U9V8Iw0nBZgno=,FNqiw5RD5sR8Ts0FKsulqfXIOlg=
37,25,E5/sau/Gn0Tks5U9V8Iw0nBZgno=,FNqiw5RD5sR8Ts0FKsulqfXIOlg=
36,25,E5/sau/Gn0Tks5U9V8Iw0nBZgno=,FNqiw5RD5sR8Ts0FKsulqfXIOlg=
35,25,E5/sau/Gn0Tks5U9V8Iw0nBZgno=,FNqiw5RD5sR8Ts0FKsulqfXIOlg=
34,25,E5/sau/Gn0Tks5U9V8Iw0nBZgno=,FNqiw5RD5sR8Ts0FKsulqfXIOlg=
33,25,E5/sau/Gn0Tks5U9V8Iw0nBZgno=,FNqiw5RD5sR8Ts0FKsulqfXIOlg=
39,24,E5/sau/Gn0Tks5U9V8Iw0nBZgno=,FNqiw5RD5sR8Ts0FKsulqfXIOlg=
38,24,E5/sau/Gn0Tks5U9V8Iw0nBZgno=,FNqiw5RD5sR8Ts0FKsulqfXIOlg=
37,24,E5/sau/Gn0Tks5U9V8Iw0nBZgno=,FNqiw5RD5sR8Ts0FKsulqfXIOlg=
36,24,E5/sau/Gn0Tks5U9V8Iw0nBZgno=,FNqiw5RD5sR8Ts0FKsulqfXIOlg=
35,24,E5/sau/Gn0Tks5U9V8Iw0nBZgno=,FNqiw5RD5sR8Ts0FKsulqfXIOlg=
34,24,E5/sau/Gn0Tks5U9V8Iw0nBZgno=,FNqiw5RD5sR8Ts0FKsulqfXIOlg=
33,24,E5/sau/Gn0Tks5U9V8Iw0nBZgno=,FNqiw5RD5sR8Ts0FKsulqfXIOlg=
38,23,E5/sau/Gn0Tks5U9V8Iw0nBZgno=,iynqctDaHq2cjLu+IzsE6M5cdf4=
39,23,E5/sau/Gn0Tks5U9V8Iw0nBZgno=,iynqctDaHq2cjLu+IzsE6M5cdf4=
37,23,E5/sau/Gn0Tks5U9V8Iw0nBZgno=,iynqctDaHq2cjLu+IzsE6M5cdf4=
39,31,E5/sau/Gn0Tks5U9V8Iw0nBZgno=,FNqiw5RD5sR8Ts0FKsulqfXIOlg=
36,23,E5/sau/Gn0Tks5U9V8Iw0nBZgno=,iynqctDaHq2cjLu+IzsE6M5cdf4=
35,23,E5/sau/Gn0Tks5U9V8Iw0nBZgno=,iynqctDaHq2cjLu+IzsE6M5cdf4=
38,31,E5/sau/Gn0Tks5U9V8Iw0nBZgno=,FNqiw5RD5sR8Ts0FKsulqfXIOlg=
37,31,E5/sau/Gn0Tks5U9V8Iw0nBZgno=,FNqiw5RD5sR8Ts0FKsulqfXIOlg=
34,23,E5/sau/Gn0Tks5U9V8Iw0nBZgno=,iynqctDaHq2cjLu+IzsE6M5cdf4=
33,23,E5/sau/Gn0Tks5U9V8Iw0nBZgno=,iynqctDaHq2cjLu+IzsE6M5cdf4=
36,31,E5/sau/Gn0Tks5U9V8Iw0nBZgno=,FNqiw5RD5sR8Ts0FKsulqfXIOlg=
35,31,E5/sau/Gn0Tks5U9V8Iw0nBZgno=,FNqiw5RD5sR8Ts0FKsulqfXIOlg=
34,31,E5/sau/Gn0Tks5U9V8Iw0nBZgno=,FNqiw5RD5sR8Ts0FKsulqfXIOlg=
38,30,E5/sau/Gn0Tks5U9V8Iw0nBZgno=,FNqiw5RD5sR8Ts0FKsulqfXIOlg=
39,30,E5/sau/Gn0Tks5U9V8Iw0nBZgno=,FNqiw5RD5sR8Ts0FKsulqfXIOlg=
39,27,E5/sau/Gn0Tks5U9V8Iw0nBZgno=,FNqiw5RD5sR8Ts0FKsulqfXIOlg=
33,16,E5/sau/Gn0Tks5U9V8Iw0nBZgno=,iynqctDaHq2cjLu+IzsE6M5cdf4=
35,16,E5/sau/Gn0Tks5U9V8Iw0nBZgno=,iynqctDaHq2cjLu+IzsE6M5cdf4=
34,16,E5/sau/Gn0Tks5U9V8Iw0nBZgno=,iynqctDaHq2cjLu+IzsE6M5cdf4=
36,16,E5/sau/Gn0Tks5U9V8Iw0nBZgno=,iynqctDaHq2cjLu+IzsE6M5cdf4=
32,17,E5/sau/Gn0Tks5U9V8Iw0nBZgno=,iynqctDaHq2cjLu+IzsE6M5cdf4=
32,19,E5/sau/Gn0Tks5U9V8Iw0nBZgno=,iynqctDaHq2cjLu+IzsE6M5cdf4=
32,16,E5/sau/Gn0Tks5U9V8Iw0nBZgno=,iynqctDaHq2cjLu+IzsE6M5cdf4=
32,18,E5/sau/Gn0Tks5U9V8Iw0nBZgno=,iynqctDaHq2cjLu+IzsE6M5cdf4=
39,16,E5/sau/Gn0Tks5U9V8Iw0nBZgno=,iynqctDaHq2cjLu+IzsE6M5cdf4=
38,16,E5/sau/Gn0Tks5U9V8Iw0nBZgno=,iynqctDaHq2cjLu+IzsE6M5cdf4=
37,16,E5/sau/Gn0Tks5U9V8Iw0nBZgno=,iynqctDaHq2cjLu+IzsE6M5cdf4=
38,17,E5/sau/Gn0Tks5U9V8Iw0nBZgno=,iynqctDaHq2cjLu+IzsE6M5cdf4=
39,17,E5/sau/Gn0Tks5U9V8Iw0nBZgno=,iynqctDaHq2cjLu+IzsE6M5cdf4=
32,23,E5/sau/Gn0Tks5U9V8Iw0nBZgno=,iynqctDaHq2cjLu+IzsE6M5cdf4=
32,26,E5/sau/Gn0Tks5U9V8Iw0nBZgno=,FNqiw5RD5sR8Ts0FKsulqfXIOlg=
32,21,E5/sau/Gn0Tks5U9V8Iw0nBZgno=,iynqctDaHq2cjLu+IzsE6M5cdf4=
32,20,E5/sau/Gn0Tks5U9V8Iw0nBZgno=,iynqctDaHq2cjLu+IzsE6M5cdf4=
32,22,E5/sau/Gn0Tks5U9V8Iw0nBZgno=,iynqctDaHq2cjLu+IzsE6M5cdf4=
32,25,E5/sau/Gn0Tks5U9V8Iw0nBZgno=,FNqiw5RD5sR8Ts0FKsulqfXIOlg=
34,29,E5/sau/Gn0Tks5U9V8Iw0nBZgno=,FNqiw5RD5sR8Ts0FKsulqfXIOlg=
33,30,E5/sau/Gn0Tks5U9V8Iw0nBZgno=,FNqiw5RD5sR8Ts0FKsulqfXIOlg=
34,30,E5/sau/Gn0Tks5U9V8Iw0nBZgno=,FNqiw5RD5sR8Ts0FKsulqfXIOlg=
33,29,E5/sau/Gn0Tks5U9V8Iw0nBZgno=,FNqiw5RD5sR8Ts0FKsulqfXIOlg=
34,28,E5/sau/Gn0Tks5U9V8Iw0nBZgno=,FNqiw5RD5sR8Ts0FKsulqfXIOlg=
33,28,E5/sau/Gn0Tks5U9V8Iw0nBZgno=,FNqiw5RD5sR8Ts0FKsulqfXIOlg=
34,27,E5/sau/Gn0Tks5U9V8Iw0nBZgno=,FNqiw5RD5sR8Ts0FKsulqfXIOlg=
33,27,E5/sau/Gn0Tks5U9V8Iw0nBZgno=,FNqiw5RD5sR8Ts0FKsulqfXIOlg=
32,30,E5/sau/Gn0Tks5U9V8Iw0nBZgno=,FNqiw5RD5sR8Ts0FKsulqfXIOlg=
32,31,E5/sau/Gn0Tks5U9V8Iw0nBZgno=,FNqiw5RD5sR8Ts0FKsulqfXIOlg=
32,29,E5/sau/Gn0Tks5U9V8Iw0nBZgno=,FNqiw5RD5sR8Ts0FKsulqfXIOlg=
32,24,E5/sau/Gn0Tks5U9V8Iw0nBZgno=,FNqiw5RD5sR8Ts0FKsulqfXIOlg=
32,28,E5/sau/Gn0Tks5U9V8Iw0nBZgno=,FNqiw5RD5sR8Ts0FKsulqfXIOlg=
32,27,E5/sau/Gn0Tks5U9V8Iw0nBZgno=,FNqiw5RD5sR8Ts0FKsulqfXIOlg=
33,31,E5/sau/Gn0Tks5U9V8Iw0nBZgno=,FNqiw5RD5sR8Ts0FKsulqfXIOlg=
